source,business_name,website,mobile_phone,landline_phone,email,owner,city_match_score,fit_score,refresh_opportunity_score,sales_angle,contact_priority,outreach_template,address,maps_url,reason_flags
maps_site,Hotel Polo,https://www.hotelpolo.it/,+39 327 1577047,+39 0541 5118,info@hotelpolo.it,,95,100,15,site_refresh_opportunity,mobile_first,"Ciao Hotel Polo, possiamo aiutarti ad aggiornare il sito e migliorare acquisizione clienti con UX piu moderna, performance migliori e integrazione Zirel (www.zirel.org). Contatto di riferimento: +39 327 1577047.","Viale Amerigo Vespucci, 23, 47921 Rimini RN, Italy",https://maps.google.com/?cid=16260518911995402952,refresh:librerie frontend datate
maps_site,Hotel 4 Stelle Rimini in centro e vicino alla stazione di Rimini - Hotel Card International,https://www.hotelcard.it/,+39 328 6885763,+39 0541 2641,commerciale@hotelcard.it,,50,100,5,site_refresh_opportunity,mobile_first,"Ciao Hotel 4 Stelle Rimini in centro e vicino alla stazione di Rimini - Hotel Card International, possiamo aiutarti ad aggiornare il sito e migliorare acquisizione clienti con UX piu moderna, performance migliori e integrazione Zirel (www.zirel.org). Contatto di riferimento: +39 328 6885763.","Via Dante Alighieri, 50, 47921 Rimini RN, Italy",https://maps.google.com/?cid=14095591955707803857,refresh:meta description assente
maps_site,B & B Mignon a Rimini,https://bnbmignon.it/,335.6740126,,g.sancisi@libero.it,,50,100,5,site_refresh_opportunity,mobile_first,"Ciao B & B Mignon a Rimini, possiamo aiutarti ad aggiornare il sito e migliorare acquisizione clienti con UX piu moderna, performance migliori e integrazione Zirel (www.zirel.org). Contatto di riferimento: 335.6740126.",,,refresh:meta description assente
maps_site,Hotel Calypso Rimini | Sito Web Hotel Calypso Rimini,https://www.hotelcalypso.com/,345 2304080,+39 0541 2273,info@hotelcalypso.com,,45,100,5,site_refresh_opportunity,mobile_first,"Ciao Hotel Calypso Rimini | Sito Web Hotel Calypso Rimini, possiamo aiutarti ad aggiornare il sito e migliorare acquisizione clienti con UX piu moderna, performance migliori e integrazione Zirel (www.zirel.org). Contatto di riferimento: 345 2304080.","Viale Trieste, 15, 47921 Rimini RN, Italy",https://maps.google.com/?cid=17113557001756432617,refresh:meta description assente
maps_site,Hotel T Depandance,https://hotelbernarimini.com/,+39 3517540951,+39 0541372675,hoteltdepandance@gmail.com,,40,100,5,site_refresh_opportunity,mobile_first,"Ciao Hotel T Depandance, possiamo aiutarti ad aggiornare il sito e migliorare acquisizione clienti con UX piu moderna, performance migliori e integrazione Zirel (www.zirel.org). Contatto di riferimento: +39 3517540951.","Viale Siracusa, 8, 47924 Rimini RN, Italy",https://maps.google.com/?cid=11682216969427164081,refresh:meta description assente
maps_site,Hotel Ausonia,https://www.hotelinrimini.it/,+39 327 6125038,04467260404,ausonia@hotelinrimini.it,,100,100,0,site_refresh_opportunity,mobile_first,"Ciao Hotel Ausonia, possiamo aiutarti ad aggiornare il sito e migliorare acquisizione clienti con UX piu moderna, performance migliori e integrazione Zirel (www.zirel.org). Contatto di riferimento: +39 327 6125038.","Viale Misurata, 51, 47921 Rimini RN, Italy",https://maps.google.com/?cid=1052038833047134801,
maps_site,Hotel Santanna,https://www.roccovacanzehotelrimini.it/,39) 380.1245824,02035480769,santannahotelrimini@gmail.com,,95,100,0,site_refresh_opportunity,mobile_first,"Ciao Hotel Santanna, possiamo aiutarti ad aggiornare il sito e migliorare acquisizione clienti con UX piu moderna, performance migliori e integrazione Zirel (www.zirel.org). Contatto di riferimento: 39) 380.1245824.","Viale Regina Elena, 243, 47924 Rimini RN, Italy",https://maps.google.com/?cid=9458234245398208557,
maps_site,Hotel Maria Serena,https://www.hotelmariaserena.com/,+39 353.4560452,+39054126763,info@hotelmariaserena.com,,80,100,0,site_refresh_opportunity,mobile_first,"Ciao Hotel Maria Serena, possiamo aiutarti ad aggiornare il sito e migliorare acquisizione clienti con UX piu moderna, performance migliori e integrazione Zirel (www.zirel.org). Contatto di riferimento: +39 353.4560452.","Viale Ortigara, 31, 47921 Rimini RN, Italy",https://maps.google.com/?cid=614985857024289010,
maps_site,Hotel B&B Ardea Rimini,https://www.hotelardearimini.it/,+39 327 1539658,01896560701,info@hotelardearimini.it,,50,100,0,site_refresh_opportunity,mobile_first,"Ciao Hotel B&B Ardea Rimini, possiamo aiutarti ad aggiornare il sito e migliorare acquisizione clienti con UX piu moderna, performance migliori e integrazione Zirel (www.zirel.org). Contatto di riferimento: +39 327 1539658.","Viale Brescia, 6, 47924 Rimini RN, Italy",https://maps.google.com/?cid=11515038463232188423,
maps_site,Hotel a Rimini a pochi passi dal mare,https://hotelmararimini.it/,+39 3343393203,+39 0541 382408,info@hotelmararimini.it,,50,100,0,site_refresh_opportunity,mobile_first,"Ciao Hotel a Rimini a pochi passi dal mare, possiamo aiutarti ad aggiornare il sito e migliorare acquisizione clienti con UX piu moderna, performance migliori e integrazione Zirel (www.zirel.org). Contatto di riferimento: +39 3343393203.","Via Achille Torelli, 1, 47924 Rimini RN, Italy",https://maps.google.com/?cid=11590743000688142776,
maps_site,Hotel Laika Rimini - Beach Eat Repeat,https://www.hotellaika.it/,+39 375 683 0529,03197230406,info@hotellaika.it,,50,100,0,site_refresh_opportunity,mobile_first,"Ciao Hotel Laika Rimini - Beach Eat Repeat, possiamo aiutarti ad aggiornare il sito e migliorare acquisizione clienti con UX piu moderna, performance migliori e integrazione Zirel (www.zirel.org). Contatto di riferimento: +39 375 683 0529.","Viale Paolo Toscanelli, 1, 47921 Rimini RN, Italy",https://maps.google.com/?cid=9151420867052244886,
maps_site,Il Nido Rimini,https://www.ilnidorimini.it/,389 1687815,0541 2760,ilnidorimini@gmail.com,,50,100,0,site_refresh_opportunity,mobile_first,"Ciao Il Nido Rimini, possiamo aiutarti ad aggiornare il sito e migliorare acquisizione clienti con UX piu moderna, performance migliori e integrazione Zirel (www.zirel.org). Contatto di riferimento: 389 1687815.","Viale Paolo Toscanelli, 30/a, 47921 Rimini RN, Italy",https://maps.google.com/?cid=18019146528253305648,
maps_site,Hotel Kim,https://www.hotelkimrimini.com/,+39 3756058169,+39 0541372773,info@hotelkimrimini.com,,45,100,0,site_refresh_opportunity,mobile_first,"Ciao Hotel Kim, possiamo aiutarti ad aggiornare il sito e migliorare acquisizione clienti con UX piu moderna, performance migliori e integrazione Zirel (www.zirel.org). Contatto di riferimento: +39 3756058169.","Viale Santa Margherita Ligure, 22, 47924 Rimini RN, Italy",https://maps.google.com/?cid=5345658503173008481,
maps_site,Hotel Corallo Rimini,https://www.hotelcorallorimini.com/it/,+329 1156929,+39 0541 390732,info@hotelcorallorimini.com,,40,100,0,site_refresh_opportunity,mobile_first,"Ciao Hotel Corallo Rimini, possiamo aiutarti ad aggiornare il sito e migliorare acquisizione clienti con UX piu moderna, performance migliori e integrazione Zirel (www.zirel.org). Contatto di riferimento: +329 1156929.","Viale Amerigo Vespucci, 46, 47921 Rimini RN, Italy",https://maps.google.com/?cid=5606363684542121868,
maps_site,Hotel Rimini 4 Stelle sul Mare,https://www.hotelsportingrimini.com/,+39 327 3655764,+39 0541 5539,info@hotelsportingrimini.com,,40,100,0,site_refresh_opportunity,mobile_first,"Ciao Hotel Rimini 4 Stelle sul Mare, possiamo aiutarti ad aggiornare il sito e migliorare acquisizione clienti con UX piu moderna, performance migliori e integrazione Zirel (www.zirel.org). Contatto di riferimento: +39 327 3655764.","Viale Amerigo Vespucci, 20, 47921 Rimini RN, Italy",https://maps.google.com/?cid=11588743280031399275,
